Skill,Person Name,Location,Email,Phone,Related Skills
block printing artist,Ganesh Shetty,Belgaum,ganesh.shetty@example.com,-9853372656,"handmade pottery, cultural art pieces"
pottery expert,Venkatesh Hegde,Chikmagalur,venkatesh.hegde@example.com,-9153972843,"traditional carving techniques, craftsmanship"
block printing artist,Lalitha Rao,Hassan,lalitha.rao@example.com,-7391462615,"handmade pottery, cultural art pieces"
terracotta craftsman,Harish Naik,Mangalore,harish.naik@example.com,-7103001226,"madhubani painting, storytelling art"
block printing artist,Ravi Kumar,Mangalore,ravi.kumar@example.com,-7253531570,"clay modeling, kiln operations"
folk painting artist,Ganesh Shetty,Mysore,ganesh.shetty@example.com,-9414588901,"handmade pottery, cultural art pieces"
pottery expert,Suma Kulkarni,Tumkur,suma.kulkarni@example.com,-9122913960,"clay modeling, kiln operations"
terracotta craftsman,Rajesh Bhat,Mangalore,rajesh.bhat@example.com,-8534430762,"natural dye usage, intricate patterns"
folk painting artist,Shobha Patil,Mysore,shobha.patil@example.com,-7678611749,"clay modeling, kiln operations"
block printing artist,Venkatesh Hegde,Hubli,venkatesh.hegde@example.com,-9336682759,"handmade pottery, cultural art pieces"
folk painting artist,Ravi Kumar,Hubli,ravi.kumar@example.com,-9681347395,"madhubani painting, storytelling art"
block printing artist,Anusha Desai,Mysore,anusha.desai@example.com,-9297811166,"traditional carving techniques, craftsmanship"
pottery expert,Venkatesh Hegde,Bangalore,venkatesh.hegde@example.com,-8948629866,"clay modeling, kiln operations"
terracotta craftsman,Venkatesh Hegde,Hubli,venkatesh.hegde@example.com,-9161648145,"clay modeling, kiln operations"
block printing artist,Rajesh Bhat,Chikmagalur,rajesh.bhat@example.com,-9486893533,"clay modeling, kiln operations"
block printing artist,Lalitha Rao,Chikmagalur,lalitha.rao@example.com,-7895273470,"natural dye usage, intricate patterns"
wood carving expert,Rajesh Bhat,Bijapur,rajesh.bhat@example.com,-9028312457,"natural dye usage, intricate patterns"
pottery expert,Lalitha Rao,Mysore,lalitha.rao@example.com,-8902703309,"natural dye usage, intricate patterns"
wood carving expert,Suma Kulkarni,Bangalore,suma.kulkarni@example.com,-7208699032,"handmade pottery, cultural art pieces"
block printing artist,Harish Naik,Hassan,harish.naik@example.com,-7437200829,"handmade pottery, cultural art pieces"
terracotta craftsman,Ravi Kumar,Hassan,ravi.kumar@example.com,-7638739848,"handmade pottery, cultural art pieces"
pottery expert,Rajesh Bhat,Hassan,rajesh.bhat@example.com,-7174181397,"clay modeling, kiln operations"
wood carving expert,Anusha Desai,Bangalore,anusha.desai@example.com,-7517755851,"handmade pottery, cultural art pieces"
wood carving expert,Suma Kulkarni,Hubli,suma.kulkarni@example.com,-8099413397,"madhubani painting, storytelling art"
wood carving expert,Lalitha Rao,Belgaum,lalitha.rao@example.com,-9193510198,"clay modeling, kiln operations"
wood carving expert,Shobha Patil,Hubli,shobha.patil@example.com,-9870826435,"traditional carving techniques, craftsmanship"
wood carving expert,Meena Gowda,Mangalore,meena.gowda@example.com,-9776004718,"natural dye usage, intricate patterns"
terracotta craftsman,Ganesh Shetty,Chikmagalur,ganesh.shetty@example.com,-9251729699,"traditional carving techniques, craftsmanship"
wood carving expert,Suma Kulkarni,Mangalore,suma.kulkarni@example.com,-7169011217,"madhubani painting, storytelling art"
terracotta craftsman,Ravi Kumar,Tumkur,ravi.kumar@example.com,-8536882959,"natural dye usage, intricate patterns"
wood carving expert,Ganesh Shetty,Dharwad,ganesh.shetty@example.com,-7798388010,"traditional carving techniques, craftsmanship"
folk painting artist,Harish Naik,Mangalore,harish.naik@example.com,-9646089579,"traditional carving techniques, craftsmanship"
folk painting artist,Ganesh Shetty,Mysore,ganesh.shetty@example.com,-7015553695,"clay modeling, kiln operations"
folk painting artist,Ganesh Shetty,Belgaum,ganesh.shetty@example.com,-9630084152,"clay modeling, kiln operations"
block printing artist,Ganesh Shetty,Belgaum,ganesh.shetty@example.com,-8522885752,"madhubani painting, storytelling art"
terracotta craftsman,Anusha Desai,Mysore,anusha.desai@example.com,-8259252188,"natural dye usage, intricate patterns"
wood carving expert,Suma Kulkarni,Mysore,suma.kulkarni@example.com,-9502164031,"handmade pottery, cultural art pieces"
pottery expert,Meena Gowda,Hubli,meena.gowda@example.com,-9844823490,"natural dye usage, intricate patterns"
wood carving expert,Shobha Patil,Mysore,shobha.patil@example.com,-9005734793,"madhubani painting, storytelling art"
terracotta craftsman,Shobha Patil,Bijapur,shobha.patil@example.com,-9543819980,"natural dye usage, intricate patterns"
terracotta craftsman,Anusha Desai,Mangalore,anusha.desai@example.com,-8047763779,"madhubani painting, storytelling art"
terracotta craftsman,Harish Naik,Mangalore,harish.naik@example.com,-7822372507,"natural dye usage, intricate patterns"
folk painting artist,Anusha Desai,Chikmagalur,anusha.desai@example.com,-7313318638,"traditional carving techniques, craftsmanship"
folk painting artist,Shobha Patil,Bijapur,shobha.patil@example.com,-9517144937,"natural dye usage, intricate patterns"
wood carving expert,Lalitha Rao,Bijapur,lalitha.rao@example.com,-9326298989,"handmade pottery, cultural art pieces"
terracotta craftsman,Meena Gowda,Hubli,meena.gowda@example.com,-8543962685,"clay modeling, kiln operations"
wood carving expert,Harish Naik,Dharwad,harish.naik@example.com,-8438477246,"madhubani painting, storytelling art"
wood carving expert,Ravi Kumar,Dharwad,ravi.kumar@example.com,-7727358286,"clay modeling, kiln operations"
terracotta craftsman,Venkatesh Hegde,Mangalore,venkatesh.hegde@example.com,-8528379335,"handmade pottery, cultural art pieces"
folk painting artist,Ravi Kumar,Mangalore,ravi.kumar@example.com,-8894088204,"clay modeling, kiln operations"
pottery expert,Lalitha Rao,Bangalore,lalitha.rao@example.com,-9697070797,"clay modeling, kiln operations"
block printing artist,Rajesh Bhat,Hassan,rajesh.bhat@example.com,-8941091223,"handmade pottery, cultural art pieces"
pottery expert,Ganesh Shetty,Hubli,ganesh.shetty@example.com,-7571639432,"traditional carving techniques, craftsmanship"
pottery expert,Harish Naik,Tumkur,harish.naik@example.com,-7949804069,"madhubani painting, storytelling art"
pottery expert,Ganesh Shetty,Hubli,ganesh.shetty@example.com,-8592468736,"handmade pottery, cultural art pieces"
folk painting artist,Lalitha Rao,Bangalore,lalitha.rao@example.com,-7483038114,"clay modeling, kiln operations"
terracotta craftsman,Ravi Kumar,Mangalore,ravi.kumar@example.com,-7769821111,"handmade pottery, cultural art pieces"
wood carving expert,Suma Kulkarni,Bangalore,suma.kulkarni@example.com,-8159529756,"natural dye usage, intricate patterns"
wood carving expert,Venkatesh Hegde,Dharwad,venkatesh.hegde@example.com,-8660599067,"traditional carving techniques, craftsmanship"
terracotta craftsman,Ravi Kumar,Hubli,ravi.kumar@example.com,-8951768914,"handmade pottery, cultural art pieces"
folk painting artist,Ganesh Shetty,Belgaum,ganesh.shetty@example.com,-8675562365,"natural dye usage, intricate patterns"
block printing artist,Anusha Desai,Tumkur,anusha.desai@example.com,-9646085704,"clay modeling, kiln operations"
terracotta craftsman,Anusha Desai,Hassan,anusha.desai@example.com,-7157502868,"traditional carving techniques, craftsmanship"
wood carving expert,Ganesh Shetty,Bangalore,ganesh.shetty@example.com,-8255804679,"traditional carving techniques, craftsmanship"
wood carving expert,Rajesh Bhat,Mysore,rajesh.bhat@example.com,-8622190029,"handmade pottery, cultural art pieces"
pottery expert,Venkatesh Hegde,Mysore,venkatesh.hegde@example.com,-9993333173,"traditional carving techniques, craftsmanship"
wood carving expert,Harish Naik,Tumkur,harish.naik@example.com,-8448297735,"madhubani painting, storytelling art"
pottery expert,Ravi Kumar,Bangalore,ravi.kumar@example.com,-8803276031,"clay modeling, kiln operations"
wood carving expert,Rajesh Bhat,Tumkur,rajesh.bhat@example.com,-8365220373,"clay modeling, kiln operations"
wood carving expert,Venkatesh Hegde,Chikmagalur,venkatesh.hegde@example.com,-9405699099,"traditional carving techniques, craftsmanship"
terracotta craftsman,Harish Naik,Belgaum,harish.naik@example.com,-7907166655,"clay modeling, kiln operations"
folk painting artist,Ravi Kumar,Bijapur,ravi.kumar@example.com,-9433322283,"madhubani painting, storytelling art"
pottery expert,Meena Gowda,Mangalore,meena.gowda@example.com,-8066921868,"clay modeling, kiln operations"
terracotta craftsman,Ravi Kumar,Hubli,ravi.kumar@example.com,-7792686988,"clay modeling, kiln operations"
block printing artist,Rajesh Bhat,Hassan,rajesh.bhat@example.com,-9273594989,"natural dye usage, intricate patterns"
terracotta craftsman,Anusha Desai,Hassan,anusha.desai@example.com,-8516953022,"clay modeling, kiln operations"
block printing artist,Shobha Patil,Belgaum,shobha.patil@example.com,-9058998596,"natural dye usage, intricate patterns"
terracotta craftsman,Lalitha Rao,Bangalore,lalitha.rao@example.com,-8531343813,"madhubani painting, storytelling art"
terracotta craftsman,Ravi Kumar,Mysore,ravi.kumar@example.com,-8672554551,"natural dye usage, intricate patterns"
block printing artist,Anusha Desai,Chikmagalur,anusha.desai@example.com,-9575502055,"traditional carving techniques, craftsmanship"
wood carving expert,Ganesh Shetty,Hassan,ganesh.shetty@example.com,-9304554738,"traditional carving techniques, craftsmanship"
wood carving expert,Anusha Desai,Mangalore,anusha.desai@example.com,-8669430106,"madhubani painting, storytelling art"
block printing artist,Harish Naik,Chikmagalur,harish.naik@example.com,-7223094196,"handmade pottery, cultural art pieces"
terracotta craftsman,Meena Gowda,Bangalore,meena.gowda@example.com,-9184778592,"traditional carving techniques, craftsmanship"
pottery expert,Lalitha Rao,Mysore,lalitha.rao@example.com,-8640943609,"natural dye usage, intricate patterns"
pottery expert,Shobha Patil,Hassan,shobha.patil@example.com,-7974477612,"madhubani painting, storytelling art"
wood carving expert,Suma Kulkarni,Mangalore,suma.kulkarni@example.com,-9843914156,"natural dye usage, intricate patterns"
wood carving expert,Rajesh Bhat,Belgaum,rajesh.bhat@example.com,-8297832081,"madhubani painting, storytelling art"
folk painting artist,Rajesh Bhat,Bijapur,rajesh.bhat@example.com,-9825311086,"clay modeling, kiln operations"
terracotta craftsman,Rajesh Bhat,Belgaum,rajesh.bhat@example.com,-7468678668,"clay modeling, kiln operations"
wood carving expert,Venkatesh Hegde,Mangalore,venkatesh.hegde@example.com,-7573676818,"madhubani painting, storytelling art"
wood carving expert,Suma Kulkarni,Mangalore,suma.kulkarni@example.com,-7069574633,"madhubani painting, storytelling art"
wood carving expert,Shobha Patil,Hassan,shobha.patil@example.com,-9428745473,"traditional carving techniques, craftsmanship"
block printing artist,Rajesh Bhat,Mangalore,rajesh.bhat@example.com,-8164805074,"traditional carving techniques, craftsmanship"
pottery expert,Ganesh Shetty,Belgaum,ganesh.shetty@example.com,-8755540880,"natural dye usage, intricate patterns"
block printing artist,Shobha Patil,Hassan,shobha.patil@example.com,-9237042077,"madhubani painting, storytelling art"
pottery expert,Anusha Desai,Bangalore,anusha.desai@example.com,-7305944710,"madhubani painting, storytelling art"
terracotta craftsman,Venkatesh Hegde,Mangalore,venkatesh.hegde@example.com,-7601290359,"handmade pottery, cultural art pieces"
wood carving expert,Ravi Kumar,Chikmagalur,ravi.kumar@example.com,-8317755070,"natural dye usage, intricate patterns"
folk painting artist,Anusha Desai,Hassan,anusha.desai@example.com,-7950637937,"traditional carving techniques, craftsmanship"
terracotta craftsman,Ganesh Shetty,Hassan,ganesh.shetty@example.com,-7164822581,"madhubani painting, storytelling art"
wood carving expert,Meena Gowda,Mangalore,meena.gowda@example.com,-9911976277,"clay modeling, kiln operations"
terracotta craftsman,Rajesh Bhat,Bijapur,rajesh.bhat@example.com,-7902387628,"natural dye usage, intricate patterns"
terracotta craftsman,Rajesh Bhat,Bijapur,rajesh.bhat@example.com,-8489746335,"clay modeling, kiln operations"
terracotta craftsman,Ravi Kumar,Dharwad,ravi.kumar@example.com,-9700766132,"clay modeling, kiln operations"
wood carving expert,Ganesh Shetty,Mangalore,ganesh.shetty@example.com,-9649892311,"natural dye usage, intricate patterns"
folk painting artist,Ganesh Shetty,Chikmagalur,ganesh.shetty@example.com,-7467336543,"madhubani painting, storytelling art"
folk painting artist,Venkatesh Hegde,Belgaum,venkatesh.hegde@example.com,-9031014427,"madhubani painting, storytelling art"
wood carving expert,Anusha Desai,Mysore,anusha.desai@example.com,-8469095589,"handmade pottery, cultural art pieces"
pottery expert,Ganesh Shetty,Mysore,ganesh.shetty@example.com,-7682424806,"clay modeling, kiln operations"
wood carving expert,Anusha Desai,Bijapur,anusha.desai@example.com,-7784456439,"madhubani painting, storytelling art"
block printing artist,Suma Kulkarni,Hassan,suma.kulkarni@example.com,-7862973922,"madhubani painting, storytelling art"
wood carving expert,Lalitha Rao,Belgaum,lalitha.rao@example.com,-9610469750,"traditional carving techniques, craftsmanship"
block printing artist,Lalitha Rao,Bijapur,lalitha.rao@example.com,-9800648940,"handmade pottery, cultural art pieces"
pottery expert,Venkatesh Hegde,Mangalore,venkatesh.hegde@example.com,-9693106269,"natural dye usage, intricate patterns"
folk painting artist,Ganesh Shetty,Tumkur,ganesh.shetty@example.com,-7601178718,"natural dye usage, intricate patterns"
folk painting artist,Rajesh Bhat,Bijapur,rajesh.bhat@example.com,-7197915413,"madhubani painting, storytelling art"
wood carving expert,Shobha Patil,Tumkur,shobha.patil@example.com,-8167113928,"handmade pottery, cultural art pieces"
pottery expert,Ravi Kumar,Bangalore,ravi.kumar@example.com,-9515308693,"madhubani painting, storytelling art"
terracotta craftsman,Shobha Patil,Hubli,shobha.patil@example.com,-9740704542,"traditional carving techniques, craftsmanship"
wood carving expert,Shobha Patil,Bangalore,shobha.patil@example.com,-8224994813,"handmade pottery, cultural art pieces"
folk painting artist,Suma Kulkarni,Chikmagalur,suma.kulkarni@example.com,-9641631528,"clay modeling, kiln operations"
wood carving expert,Ravi Kumar,Dharwad,ravi.kumar@example.com,-9082337966,"madhubani painting, storytelling art"
block printing artist,Venkatesh Hegde,Mysore,venkatesh.hegde@example.com,-9458317883,"traditional carving techniques, craftsmanship"
block printing artist,Suma Kulkarni,Hassan,suma.kulkarni@example.com,-7624576682,"handmade pottery, cultural art pieces"
terracotta craftsman,Harish Naik,Hassan,harish.naik@example.com,-9943946912,"traditional carving techniques, craftsmanship"
block printing artist,Suma Kulkarni,Hubli,suma.kulkarni@example.com,-8920514731,"traditional carving techniques, craftsmanship"
folk painting artist,Anusha Desai,Bangalore,anusha.desai@example.com,-9646664995,"clay modeling, kiln operations"
block printing artist,Harish Naik,Tumkur,harish.naik@example.com,-7324051580,"madhubani painting, storytelling art"
folk painting artist,Meena Gowda,Bijapur,meena.gowda@example.com,-8241098049,"traditional carving techniques, craftsmanship"
folk painting artist,Rajesh Bhat,Mysore,rajesh.bhat@example.com,-8089291409,"clay modeling, kiln operations"
pottery expert,Meena Gowda,Mangalore,meena.gowda@example.com,-9353542970,"traditional carving techniques, craftsmanship"
block printing artist,Meena Gowda,Hubli,meena.gowda@example.com,-9857866112,"madhubani painting, storytelling art"
pottery expert,Shobha Patil,Bangalore,shobha.patil@example.com,-9076349472,"handmade pottery, cultural art pieces"
terracotta craftsman,Anusha Desai,Tumkur,anusha.desai@example.com,-9110012634,"clay modeling, kiln operations"
pottery expert,Rajesh Bhat,Chikmagalur,rajesh.bhat@example.com,-7640414910,"traditional carving techniques, craftsmanship"
wood carving expert,Rajesh Bhat,Dharwad,rajesh.bhat@example.com,-7755024132,"madhubani painting, storytelling art"
wood carving expert,Meena Gowda,Bijapur,meena.gowda@example.com,-7770893987,"handmade pottery, cultural art pieces"
block printing artist,Ganesh Shetty,Belgaum,ganesh.shetty@example.com,-7817321747,"clay modeling, kiln operations"
wood carving expert,Ganesh Shetty,Hubli,ganesh.shetty@example.com,-8306383463,"natural dye usage, intricate patterns"
block printing artist,Meena Gowda,Mangalore,meena.gowda@example.com,-7783043855,"traditional carving techniques, craftsmanship"
terracotta craftsman,Anusha Desai,Tumkur,anusha.desai@example.com,-8756321385,"handmade pottery, cultural art pieces"
terracotta craftsman,Anusha Desai,Chikmagalur,anusha.desai@example.com,-7670531637,"handmade pottery, cultural art pieces"
pottery expert,Harish Naik,Mysore,harish.naik@example.com,-8963526422,"madhubani painting, storytelling art"
block printing artist,Meena Gowda,Dharwad,meena.gowda@example.com,-8799683118,"clay modeling, kiln operations"
folk painting artist,Lalitha Rao,Hubli,lalitha.rao@example.com,-8670590326,"handmade pottery, cultural art pieces"
block printing artist,Harish Naik,Tumkur,harish.naik@example.com,-7744306417,"handmade pottery, cultural art pieces"
terracotta craftsman,Meena Gowda,Belgaum,meena.gowda@example.com,-8099843193,"traditional carving techniques, craftsmanship"
wood carving expert,Shobha Patil,Hubli,shobha.patil@example.com,-9891961312,"madhubani painting, storytelling art"
pottery expert,Meena Gowda,Belgaum,meena.gowda@example.com,-8857193898,"clay modeling, kiln operations"
block printing artist,Harish Naik,Dharwad,harish.naik@example.com,-9331248200,"traditional carving techniques, craftsmanship"
pottery expert,Shobha Patil,Dharwad,shobha.patil@example.com,-8266830352,"traditional carving techniques, craftsmanship"
block printing artist,Meena Gowda,Dharwad,meena.gowda@example.com,-9657903862,"natural dye usage, intricate patterns"
terracotta craftsman,Rajesh Bhat,Mangalore,rajesh.bhat@example.com,-9076290667,"madhubani painting, storytelling art"
block printing artist,Shobha Patil,Bangalore,shobha.patil@example.com,-7515387780,"natural dye usage, intricate patterns"
block printing artist,Ravi Kumar,Bangalore,ravi.kumar@example.com,-9360619662,"clay modeling, kiln operations"
pottery expert,Anusha Desai,Hassan,anusha.desai@example.com,-8892880861,"clay modeling, kiln operations"
folk painting artist,Ganesh Shetty,Chikmagalur,ganesh.shetty@example.com,-9552648632,"madhubani painting, storytelling art"
block printing artist,Anusha Desai,Tumkur,anusha.desai@example.com,-9151827928,"madhubani painting, storytelling art"
pottery expert,Meena Gowda,Hassan,meena.gowda@example.com,-9033894558,"handmade pottery, cultural art pieces"
terracotta craftsman,Anusha Desai,Dharwad,anusha.desai@example.com,-8921235262,"natural dye usage, intricate patterns"
pottery expert,Ganesh Shetty,Hassan,ganesh.shetty@example.com,-7804148268,"handmade pottery, cultural art pieces"
terracotta craftsman,Rajesh Bhat,Chikmagalur,rajesh.bhat@example.com,-7935526065,"traditional carving techniques, craftsmanship"
block printing artist,Lalitha Rao,Dharwad,lalitha.rao@example.com,-8123699514,"madhubani painting, storytelling art"
wood carving expert,Venkatesh Hegde,Chikmagalur,venkatesh.hegde@example.com,-9597463212,"traditional carving techniques, craftsmanship"
block printing artist,Harish Naik,Chikmagalur,harish.naik@example.com,-8130955640,"natural dye usage, intricate patterns"
wood carving expert,Shobha Patil,Dharwad,shobha.patil@example.com,-9174150000,"madhubani painting, storytelling art"
block printing artist,Rajesh Bhat,Hubli,rajesh.bhat@example.com,-9393694921,"handmade pottery, cultural art pieces"
terracotta craftsman,Suma Kulkarni,Tumkur,suma.kulkarni@example.com,-8081496344,"clay modeling, kiln operations"
block printing artist,Anusha Desai,Mangalore,anusha.desai@example.com,-9295655247,"natural dye usage, intricate patterns"
folk painting artist,Meena Gowda,Mangalore,meena.gowda@example.com,-8552026822,"traditional carving techniques, craftsmanship"
folk painting artist,Ganesh Shetty,Hubli,ganesh.shetty@example.com,-9094903482,"traditional carving techniques, craftsmanship"
block printing artist,Anusha Desai,Hassan,anusha.desai@example.com,-9057178377,"traditional carving techniques, craftsmanship"
wood carving expert,Suma Kulkarni,Mysore,suma.kulkarni@example.com,-9679071724,"handmade pottery, cultural art pieces"
folk painting artist,Lalitha Rao,Bangalore,lalitha.rao@example.com,-9082511450,"natural dye usage, intricate patterns"
wood carving expert,Suma Kulkarni,Bijapur,suma.kulkarni@example.com,-7258861533,"natural dye usage, intricate patterns"
pottery expert,Venkatesh Hegde,Belgaum,venkatesh.hegde@example.com,-9777610583,"handmade pottery, cultural art pieces"
wood carving expert,Anusha Desai,Mysore,anusha.desai@example.com,-9124482245,"natural dye usage, intricate patterns"
folk painting artist,Ganesh Shetty,Chikmagalur,ganesh.shetty@example.com,-8878770598,"handmade pottery, cultural art pieces"
block printing artist,Meena Gowda,Chikmagalur,meena.gowda@example.com,-9585058188,"handmade pottery, cultural art pieces"
wood carving expert,Ganesh Shetty,Hassan,ganesh.shetty@example.com,-7733006619,"traditional carving techniques, craftsmanship"
wood carving expert,Lalitha Rao,Hassan,lalitha.rao@example.com,-8966415677,"madhubani painting, storytelling art"
folk painting artist,Lalitha Rao,Mysore,lalitha.rao@example.com,-9247137593,"traditional carving techniques, craftsmanship"
folk painting artist,Ganesh Shetty,Hassan,ganesh.shetty@example.com,-7261541038,"natural dye usage, intricate patterns"
folk painting artist,Lalitha Rao,Dharwad,lalitha.rao@example.com,-7524332835,"madhubani painting, storytelling art"
terracotta craftsman,Harish Naik,Mangalore,harish.naik@example.com,-8283000226,"handmade pottery, cultural art pieces"
wood carving expert,Lalitha Rao,Dharwad,lalitha.rao@example.com,-8919522053,"madhubani painting, storytelling art"
folk painting artist,Ganesh Shetty,Hubli,ganesh.shetty@example.com,-7497358874,"handmade pottery, cultural art pieces"
pottery expert,Rajesh Bhat,Mysore,rajesh.bhat@example.com,-8682345787,"madhubani painting, storytelling art"
wood carving expert,Suma Kulkarni,Mysore,suma.kulkarni@example.com,-8447956063,"clay modeling, kiln operations"
pottery expert,Suma Kulkarni,Hubli,suma.kulkarni@example.com,-8818883564,"clay modeling, kiln operations"
wood carving expert,Lalitha Rao,Dharwad,lalitha.rao@example.com,-8402908493,"clay modeling, kiln operations"
wood carving expert,Venkatesh Hegde,Tumkur,venkatesh.hegde@example.com,-7732209602,"natural dye usage, intricate patterns"
block printing artist,Harish Naik,Mysore,harish.naik@example.com,-7945340626,"natural dye usage, intricate patterns"
folk painting artist,Ravi Kumar,Mysore,ravi.kumar@example.com,-9460588304,"traditional carving techniques, craftsmanship"
wood carving expert,Meena Gowda,Belgaum,meena.gowda@example.com,-9903354262,"clay modeling, kiln operations"
pottery expert,Rajesh Bhat,Hubli,rajesh.bhat@example.com,-9228968966,"clay modeling, kiln operations"
folk painting artist,Venkatesh Hegde,Hassan,venkatesh.hegde@example.com,-8165315604,"handmade pottery, cultural art pieces"
wood carving expert,Rajesh Bhat,Mysore,rajesh.bhat@example.com,-7930903685,"madhubani painting, storytelling art"
wood carving expert,Rajesh Bhat,Belgaum,rajesh.bhat@example.com,-7187935082,"madhubani painting, storytelling art"
pottery expert,Shobha Patil,Belgaum,shobha.patil@example.com,-7997334118,"clay modeling, kiln operations"
pottery expert,Suma Kulkarni,Belgaum,suma.kulkarni@example.com,-9646582951,"traditional carving techniques, craftsmanship"
block printing artist,Lalitha Rao,Mangalore,lalitha.rao@example.com,-7731991603,"clay modeling, kiln operations"
wood carving expert,Harish Naik,Belgaum,harish.naik@example.com,-7514399877,"madhubani painting, storytelling art"
terracotta craftsman,Ravi Kumar,Bangalore,ravi.kumar@example.com,-9687162784,"clay modeling, kiln operations"
wood carving expert,Anusha Desai,Bangalore,anusha.desai@example.com,-9636646722,"natural dye usage, intricate patterns"
folk painting artist,Venkatesh Hegde,Mangalore,venkatesh.hegde@example.com,-9650732409,"traditional carving techniques, craftsmanship"
folk painting artist,Suma Kulkarni,Hubli,suma.kulkarni@example.com,-7014907013,"madhubani painting, storytelling art"
folk painting artist,Suma Kulkarni,Chikmagalur,suma.kulkarni@example.com,-8455644293,"natural dye usage, intricate patterns"
block printing artist,Meena Gowda,Mangalore,meena.gowda@example.com,-8983567442,"madhubani painting, storytelling art"
block printing artist,Suma Kulkarni,Hassan,suma.kulkarni@example.com,-8637781125,"handmade pottery, cultural art pieces"
block printing artist,Venkatesh Hegde,Belgaum,venkatesh.hegde@example.com,-7023260823,"traditional carving techniques, craftsmanship"
wood carving expert,Shobha Patil,Chikmagalur,shobha.patil@example.com,-7077303727,"traditional carving techniques, craftsmanship"
pottery expert,Harish Naik,Chikmagalur,harish.naik@example.com,-7752386273,"traditional carving techniques, craftsmanship"
wood carving expert,Ganesh Shetty,Dharwad,ganesh.shetty@example.com,-7530633211,"madhubani painting, storytelling art"
folk painting artist,Meena Gowda,Hassan,meena.gowda@example.com,-8859027523,"traditional carving techniques, craftsmanship"
wood carving expert,Anusha Desai,Mangalore,anusha.desai@example.com,-9165834223,"handmade pottery, cultural art pieces"
terracotta craftsman,Harish Naik,Belgaum,harish.naik@example.com,-7604234101,"handmade pottery, cultural art pieces"
block printing artist,Suma Kulkarni,Bijapur,suma.kulkarni@example.com,-8369231990,"natural dye usage, intricate patterns"
pottery expert,Lalitha Rao,Chikmagalur,lalitha.rao@example.com,-8387415076,"natural dye usage, intricate patterns"
pottery expert,Meena Gowda,Belgaum,meena.gowda@example.com,-8120380162,"natural dye usage, intricate patterns"
terracotta craftsman,Ganesh Shetty,Hubli,ganesh.shetty@example.com,-7927829117,"clay modeling, kiln operations"
block printing artist,Ganesh Shetty,Mysore,ganesh.shetty@example.com,-7138137381,"handmade pottery, cultural art pieces"
pottery expert,Ravi Kumar,Bangalore,ravi.kumar@example.com,-9542402656,"madhubani painting, storytelling art"
pottery expert,Ganesh Shetty,Belgaum,ganesh.shetty@example.com,-7878050235,"handmade pottery, cultural art pieces"
pottery expert,Lalitha Rao,Hubli,lalitha.rao@example.com,-8393200233,"traditional carving techniques, craftsmanship"
block printing artist,Harish Naik,Bijapur,harish.naik@example.com,-8317192699,"traditional carving techniques, craftsmanship"
terracotta craftsman,Ravi Kumar,Mangalore,ravi.kumar@example.com,-8757335617,"traditional carving techniques, craftsmanship"
terracotta craftsman,Anusha Desai,Bangalore,anusha.desai@example.com,-8708917426,"traditional carving techniques, craftsmanship"
terracotta craftsman,Harish Naik,Mangalore,harish.naik@example.com,-8933949308,"natural dye usage, intricate patterns"
terracotta craftsman,Lalitha Rao,Hubli,lalitha.rao@example.com,-8337173720,"clay modeling, kiln operations"
terracotta craftsman,Venkatesh Hegde,Mysore,venkatesh.hegde@example.com,-9076854823,"handmade pottery, cultural art pieces"
terracotta craftsman,Ganesh Shetty,Tumkur,ganesh.shetty@example.com,-8123441077,"traditional carving techniques, craftsmanship"
block printing artist,Lalitha Rao,Dharwad,lalitha.rao@example.com,-8318044406,"madhubani painting, storytelling art"
pottery expert,Anusha Desai,Dharwad,anusha.desai@example.com,-9428315909,"madhubani painting, storytelling art"
block printing artist,Shobha Patil,Bijapur,shobha.patil@example.com,-8852444863,"natural dye usage, intricate patterns"
wood carving expert,Anusha Desai,Tumkur,anusha.desai@example.com,-9858774228,"natural dye usage, intricate patterns"
pottery expert,Suma Kulkarni,Chikmagalur,suma.kulkarni@example.com,-9599137168,"natural dye usage, intricate patterns"
folk painting artist,Meena Gowda,Hubli,meena.gowda@example.com,-8256077945,"traditional carving techniques, craftsmanship"
pottery expert,Venkatesh Hegde,Belgaum,venkatesh.hegde@example.com,-9341333502,"handmade pottery, cultural art pieces"
pottery expert,Rajesh Bhat,Mysore,rajesh.bhat@example.com,-9082570817,"clay modeling, kiln operations"
wood carving expert,Suma Kulkarni,Bijapur,suma.kulkarni@example.com,-9114114814,"madhubani painting, storytelling art"
folk painting artist,Meena Gowda,Mangalore,meena.gowda@example.com,-9399010291,"handmade pottery, cultural art pieces"
folk painting artist,Anusha Desai,Chikmagalur,anusha.desai@example.com,-9821864499,"handmade pottery, cultural art pieces"
wood carving expert,Meena Gowda,Bangalore,meena.gowda@example.com,-9623800965,"handmade pottery, cultural art pieces"
pottery expert,Venkatesh Hegde,Belgaum,venkatesh.hegde@example.com,-9890166705,"clay modeling, kiln operations"
pottery expert,Suma Kulkarni,Mysore,suma.kulkarni@example.com,-9065031918,"handmade pottery, cultural art pieces"
pottery expert,Meena Gowda,Mysore,meena.gowda@example.com,-9008310613,"traditional carving techniques, craftsmanship"
folk painting artist,Ravi Kumar,Tumkur,ravi.kumar@example.com,-8417251635,"handmade pottery, cultural art pieces"
wood carving expert,Venkatesh Hegde,Hassan,venkatesh.hegde@example.com,-9293429306,"madhubani painting, storytelling art"
block printing artist,Anusha Desai,Hassan,anusha.desai@example.com,-8162538736,"clay modeling, kiln operations"
pottery expert,Anusha Desai,Hassan,anusha.desai@example.com,-7731704139,"traditional carving techniques, craftsmanship"
wood carving expert,Meena Gowda,Hubli,meena.gowda@example.com,-8781331726,"clay modeling, kiln operations"
wood carving expert,Meena Gowda,Hubli,meena.gowda@example.com,-9114029767,"madhubani painting, storytelling art"
block printing artist,Rajesh Bhat,Hubli,rajesh.bhat@example.com,-8517874023,"madhubani painting, storytelling art"
wood carving expert,Meena Gowda,Tumkur,meena.gowda@example.com,-8286546338,"natural dye usage, intricate patterns"
folk painting artist,Meena Gowda,Belgaum,meena.gowda@example.com,-8052082420,"traditional carving techniques, craftsmanship"
pottery expert,Suma Kulkarni,Hubli,suma.kulkarni@example.com,-9400275966,"traditional carving techniques, craftsmanship"
terracotta craftsman,Suma Kulkarni,Mysore,suma.kulkarni@example.com,-8779525867,"madhubani painting, storytelling art"
pottery expert,Ganesh Shetty,Hassan,ganesh.shetty@example.com,-8485848912,"handmade pottery, cultural art pieces"
folk painting artist,Lalitha Rao,Belgaum,lalitha.rao@example.com,-8258634225,"traditional carving techniques, craftsmanship"
wood carving expert,Anusha Desai,Mysore,anusha.desai@example.com,-8911688557,"traditional carving techniques, craftsmanship"
wood carving expert,Shobha Patil,Dharwad,shobha.patil@example.com,-9990091141,"clay modeling, kiln operations"
wood carving expert,Meena Gowda,Tumkur,meena.gowda@example.com,-8033164283,"natural dye usage, intricate patterns"
pottery expert,Meena Gowda,Belgaum,meena.gowda@example.com,-8315294226,"handmade pottery, cultural art pieces"
block printing artist,Ravi Kumar,Belgaum,ravi.kumar@example.com,-9053809319,"natural dye usage, intricate patterns"
pottery expert,Anusha Desai,Hassan,anusha.desai@example.com,-7610607431,"natural dye usage, intricate patterns"
folk painting artist,Ravi Kumar,Dharwad,ravi.kumar@example.com,-8668332671,"handmade pottery, cultural art pieces"
terracotta craftsman,Anusha Desai,Mangalore,anusha.desai@example.com,-9093545216,"traditional carving techniques, craftsmanship"
pottery expert,Ravi Kumar,Mysore,ravi.kumar@example.com,-8068044584,"traditional carving techniques, craftsmanship"
pottery expert,Ganesh Shetty,Bangalore,ganesh.shetty@example.com,-9886765239,"natural dye usage, intricate patterns"
pottery expert,Shobha Patil,Bijapur,shobha.patil@example.com,-7467719916,"madhubani painting, storytelling art"
pottery expert,Meena Gowda,Belgaum,meena.gowda@example.com,-8405367707,"clay modeling, kiln operations"
block printing artist,Anusha Desai,Bijapur,anusha.desai@example.com,-9638750319,"madhubani painting, storytelling art"
terracotta craftsman,Suma Kulkarni,Bangalore,suma.kulkarni@example.com,-9009042813,"clay modeling, kiln operations"
pottery expert,Anusha Desai,Dharwad,anusha.desai@example.com,-7215624814,"clay modeling, kiln operations"
block printing artist,Lalitha Rao,Bangalore,lalitha.rao@example.com,-8062068012,"natural dye usage, intricate patterns"
folk painting artist,Suma Kulkarni,Mangalore,suma.kulkarni@example.com,-8461245034,"handmade pottery, cultural art pieces"
wood carving expert,Venkatesh Hegde,Chikmagalur,venkatesh.hegde@example.com,-9343060450,"clay modeling, kiln operations"
pottery expert,Meena Gowda,Belgaum,meena.gowda@example.com,-7163815343,"traditional carving techniques, craftsmanship"
wood carving expert,Anusha Desai,Bangalore,anusha.desai@example.com,-9837313042,"clay modeling, kiln operations"
folk painting artist,Lalitha Rao,Hubli,lalitha.rao@example.com,-8051144157,"natural dye usage, intricate patterns"
wood carving expert,Meena Gowda,Tumkur,meena.gowda@example.com,-7109112187,"traditional carving techniques, craftsmanship"
wood carving expert,Ganesh Shetty,Chikmagalur,ganesh.shetty@example.com,-8659633459,"natural dye usage, intricate patterns"
pottery expert,Shobha Patil,Mangalore,shobha.patil@example.com,-9557712143,"clay modeling, kiln operations"
terracotta craftsman,Rajesh Bhat,Dharwad,rajesh.bhat@example.com,-9368864123,"natural dye usage, intricate patterns"
terracotta craftsman,Anusha Desai,Bijapur,anusha.desai@example.com,-9587735882,"natural dye usage, intricate patterns"
pottery expert,Venkatesh Hegde,Bijapur,venkatesh.hegde@example.com,-7365970691,"madhubani painting, storytelling art"
block printing artist,Harish Naik,Dharwad,harish.naik@example.com,-7544932242,"handmade pottery, cultural art pieces"
terracotta craftsman,Shobha Patil,Hassan,shobha.patil@example.com,-9648059158,"madhubani painting, storytelling art"
wood carving expert,Rajesh Bhat,Bangalore,rajesh.bhat@example.com,-8799135791,"traditional carving techniques, craftsmanship"
block printing artist,Venkatesh Hegde,Bijapur,venkatesh.hegde@example.com,-7694289066,"traditional carving techniques, craftsmanship"
terracotta craftsman,Venkatesh Hegde,Tumkur,venkatesh.hegde@example.com,-9856144391,"natural dye usage, intricate patterns"
folk painting artist,Shobha Patil,Tumkur,shobha.patil@example.com,-7945053539,"handmade pottery, cultural art pieces"
block printing artist,Ravi Kumar,Hubli,ravi.kumar@example.com,-7040027873,"clay modeling, kiln operations"
pottery expert,Ganesh Shetty,Bijapur,ganesh.shetty@example.com,-9303071921,"madhubani painting, storytelling art"
pottery expert,Venkatesh Hegde,Chikmagalur,venkatesh.hegde@example.com,-7058318908,"clay modeling, kiln operations"
wood carving expert,Suma Kulkarni,Hubli,suma.kulkarni@example.com,-9813634842,"clay modeling, kiln operations"
pottery expert,Ganesh Shetty,Hassan,ganesh.shetty@example.com,-9035261908,"handmade pottery, cultural art pieces"
wood carving expert,Shobha Patil,Hassan,shobha.patil@example.com,-7898524190,"handmade pottery, cultural art pieces"
pottery expert,Suma Kulkarni,Chikmagalur,suma.kulkarni@example.com,-8188519290,"natural dye usage, intricate patterns"
folk painting artist,Rajesh Bhat,Chikmagalur,rajesh.bhat@example.com,-7560305175,"madhubani painting, storytelling art"
terracotta craftsman,Suma Kulkarni,Bijapur,suma.kulkarni@example.com,-8975119885,"natural dye usage, intricate patterns"
wood carving expert,Meena Gowda,Mysore,meena.gowda@example.com,-7907074649,"handmade pottery, cultural art pieces"
wood carving expert,Shobha Patil,Tumkur,shobha.patil@example.com,-9836026420,"handmade pottery, cultural art pieces"
pottery expert,Suma Kulkarni,Mysore,suma.kulkarni@example.com,-8685970090,"clay modeling, kiln operations"
block printing artist,Venkatesh Hegde,Hubli,venkatesh.hegde@example.com,-9169124715,"clay modeling, kiln operations"
terracotta craftsman,Meena Gowda,Belgaum,meena.gowda@example.com,-8025604515,"madhubani painting, storytelling art"
wood carving expert,Harish Naik,Hubli,harish.naik@example.com,-9204816210,"handmade pottery, cultural art pieces"
pottery expert,Rajesh Bhat,Dharwad,rajesh.bhat@example.com,-8136669094,"traditional carving techniques, craftsmanship"
terracotta craftsman,Meena Gowda,Mangalore,meena.gowda@example.com,-8591082050,"handmade pottery, cultural art pieces"
terracotta craftsman,Anusha Desai,Bangalore,anusha.desai@example.com,-8197720516,"handmade pottery, cultural art pieces"
folk painting artist,Suma Kulkarni,Belgaum,suma.kulkarni@example.com,-9173448084,"handmade pottery, cultural art pieces"
folk painting artist,Venkatesh Hegde,Bangalore,venkatesh.hegde@example.com,-9030303481,"natural dye usage, intricate patterns"
block printing artist,Ravi Kumar,Hubli,ravi.kumar@example.com,-7854510405,"natural dye usage, intricate patterns"
terracotta craftsman,Lalitha Rao,Bangalore,lalitha.rao@example.com,-8965393758,"madhubani painting, storytelling art"
terracotta craftsman,Suma Kulkarni,Hassan,suma.kulkarni@example.com,-7841765196,"madhubani painting, storytelling art"
folk painting artist,Meena Gowda,Chikmagalur,meena.gowda@example.com,-8609232419,"clay modeling, kiln operations"
folk painting artist,Rajesh Bhat,Dharwad,rajesh.bhat@example.com,-8258306693,"handmade pottery, cultural art pieces"
wood carving expert,Ravi Kumar,Mangalore,ravi.kumar@example.com,-9461549067,"handmade pottery, cultural art pieces"
block printing artist,Suma Kulkarni,Tumkur,suma.kulkarni@example.com,-8528668396,"madhubani painting, storytelling art"
block printing artist,Shobha Patil,Bangalore,shobha.patil@example.com,-9012138368,"handmade pottery, cultural art pieces"
terracotta craftsman,Shobha Patil,Hubli,shobha.patil@example.com,-7373383175,"natural dye usage, intricate patterns"
terracotta craftsman,Harish Naik,Bijapur,harish.naik@example.com,-9174870718,"handmade pottery, cultural art pieces"
wood carving expert,Ganesh Shetty,Bangalore,ganesh.shetty@example.com,-8054060009,"traditional carving techniques, craftsmanship"
terracotta craftsman,Lalitha Rao,Bijapur,lalitha.rao@example.com,-8326004177,"traditional carving techniques, craftsmanship"
block printing artist,Ganesh Shetty,Bangalore,ganesh.shetty@example.com,-8154308202,"madhubani painting, storytelling art"
wood carving expert,Rajesh Bhat,Mysore,rajesh.bhat@example.com,-7755801866,"madhubani painting, storytelling art"
terracotta craftsman,Venkatesh Hegde,Mysore,venkatesh.hegde@example.com,-7421345503,"handmade pottery, cultural art pieces"
folk painting artist,Venkatesh Hegde,Dharwad,venkatesh.hegde@example.com,-9263337813,"traditional carving techniques, craftsmanship"
folk painting artist,Anusha Desai,Tumkur,anusha.desai@example.com,-7432521644,"natural dye usage, intricate patterns"
terracotta craftsman,Anusha Desai,Bijapur,anusha.desai@example.com,-9710792800,"natural dye usage, intricate patterns"
terracotta craftsman,Ravi Kumar,Bijapur,ravi.kumar@example.com,-9775790604,"natural dye usage, intricate patterns"
pottery expert,Ganesh Shetty,Chikmagalur,ganesh.shetty@example.com,-9860731673,"clay modeling, kiln operations"
terracotta craftsman,Ravi Kumar,Tumkur,ravi.kumar@example.com,-8811036946,"traditional carving techniques, craftsmanship"
pottery expert,Meena Gowda,Belgaum,meena.gowda@example.com,-8599413181,"madhubani painting, storytelling art"
block printing artist,Lalitha Rao,Hassan,lalitha.rao@example.com,-8508288200,"natural dye usage, intricate patterns"
pottery expert,Anusha Desai,Dharwad,anusha.desai@example.com,-8755109752,"traditional carving techniques, craftsmanship"
wood carving expert,Ravi Kumar,Chikmagalur,ravi.kumar@example.com,-9865759378,"traditional carving techniques, craftsmanship"
block printing artist,Suma Kulkarni,Hubli,suma.kulkarni@example.com,-7573111278,"madhubani painting, storytelling art"
pottery expert,Venkatesh Hegde,Mysore,venkatesh.hegde@example.com,-7051915115,"clay modeling, kiln operations"
pottery expert,Harish Naik,Mysore,harish.naik@example.com,-7263613591,"handmade pottery, cultural art pieces"
block printing artist,Ganesh Shetty,Hubli,ganesh.shetty@example.com,-7589355993,"handmade pottery, cultural art pieces"
block printing artist,Lalitha Rao,Hassan,lalitha.rao@example.com,-8664586879,"clay modeling, kiln operations"
folk painting artist,Anusha Desai,Belgaum,anusha.desai@example.com,-8210190481,"handmade pottery, cultural art pieces"
wood carving expert,Suma Kulkarni,Tumkur,suma.kulkarni@example.com,-7638270189,"natural dye usage, intricate patterns"
pottery expert,Ganesh Shetty,Chikmagalur,ganesh.shetty@example.com,-8647128205,"handmade pottery, cultural art pieces"
terracotta craftsman,Suma Kulkarni,Dharwad,suma.kulkarni@example.com,-8355505240,"natural dye usage, intricate patterns"
block printing artist,Ravi Kumar,Tumkur,ravi.kumar@example.com,-8667532013,"madhubani painting, storytelling art"
folk painting artist,Lalitha Rao,Bangalore,lalitha.rao@example.com,-8517127804,"handmade pottery, cultural art pieces"
folk painting artist,Lalitha Rao,Bangalore,lalitha.rao@example.com,-7693706659,"madhubani painting, storytelling art"
block printing artist,Anusha Desai,Bijapur,anusha.desai@example.com,-8490950422,"natural dye usage, intricate patterns"
pottery expert,Ganesh Shetty,Tumkur,ganesh.shetty@example.com,-8299998429,"clay modeling, kiln operations"
pottery expert,Suma Kulkarni,Chikmagalur,suma.kulkarni@example.com,-8151134525,"handmade pottery, cultural art pieces"
folk painting artist,Venkatesh Hegde,Hassan,venkatesh.hegde@example.com,-8827478789,"natural dye usage, intricate patterns"
block printing artist,Anusha Desai,Tumkur,anusha.desai@example.com,-8859165607,"clay modeling, kiln operations"
pottery expert,Harish Naik,Chikmagalur,harish.naik@example.com,-8525637444,"natural dye usage, intricate patterns"
terracotta craftsman,Shobha Patil,Chikmagalur,shobha.patil@example.com,-8379332544,"natural dye usage, intricate patterns"
terracotta craftsman,Ravi Kumar,Hassan,ravi.kumar@example.com,-7864084523,"traditional carving techniques, craftsmanship"
block printing artist,Meena Gowda,Bijapur,meena.gowda@example.com,-9997145278,"traditional carving techniques, craftsmanship"
wood carving expert,Harish Naik,Hassan,harish.naik@example.com,-8624508581,"traditional carving techniques, craftsmanship"
wood carving expert,Meena Gowda,Bijapur,meena.gowda@example.com,-8075439460,"natural dye usage, intricate patterns"
folk painting artist,Suma Kulkarni,Dharwad,suma.kulkarni@example.com,-7687625808,"traditional carving techniques, craftsmanship"
block printing artist,Anusha Desai,Bangalore,anusha.desai@example.com,-9791068095,"madhubani painting, storytelling art"
block printing artist,Lalitha Rao,Bijapur,lalitha.rao@example.com,-8179316565,"natural dye usage, intricate patterns"
wood carving expert,Meena Gowda,Tumkur,meena.gowda@example.com,-8646053087,"madhubani painting, storytelling art"
terracotta craftsman,Shobha Patil,Hubli,shobha.patil@example.com,-7047610646,"natural dye usage, intricate patterns"
wood carving expert,Ganesh Shetty,Mangalore,ganesh.shetty@example.com,-7918201629,"handmade pottery, cultural art pieces"
wood carving expert,Ganesh Shetty,Belgaum,ganesh.shetty@example.com,-7265257958,"clay modeling, kiln operations"
pottery expert,Ravi Kumar,Mangalore,ravi.kumar@example.com,-8940967218,"madhubani painting, storytelling art"
wood carving expert,Shobha Patil,Belgaum,shobha.patil@example.com,-9071214159,"traditional carving techniques, craftsmanship"
terracotta craftsman,Lalitha Rao,Mysore,lalitha.rao@example.com,-8224731062,"natural dye usage, intricate patterns"
pottery expert,Rajesh Bhat,Tumkur,rajesh.bhat@example.com,-7589695930,"clay modeling, kiln operations"
folk painting artist,Suma Kulkarni,Mangalore,suma.kulkarni@example.com,-8009045421,"clay modeling, kiln operations"
folk painting artist,Rajesh Bhat,Dharwad,rajesh.bhat@example.com,-8904722645,"natural dye usage, intricate patterns"
wood carving expert,Shobha Patil,Hubli,shobha.patil@example.com,-7652717066,"natural dye usage, intricate patterns"
terracotta craftsman,Venkatesh Hegde,Bangalore,venkatesh.hegde@example.com,-9458818960,"madhubani painting, storytelling art"
folk painting artist,Lalitha Rao,Mangalore,lalitha.rao@example.com,-7869726490,"natural dye usage, intricate patterns"
pottery expert,Ganesh Shetty,Bangalore,ganesh.shetty@example.com,-8569276588,"traditional carving techniques, craftsmanship"
block printing artist,Suma Kulkarni,Belgaum,suma.kulkarni@example.com,-9106883877,"traditional carving techniques, craftsmanship"
folk painting artist,Suma Kulkarni,Tumkur,suma.kulkarni@example.com,-8864351960,"madhubani painting, storytelling art"
folk painting artist,Lalitha Rao,Belgaum,lalitha.rao@example.com,-9536094187,"natural dye usage, intricate patterns"
pottery expert,Anusha Desai,Hassan,anusha.desai@example.com,-9609766776,"clay modeling, kiln operations"
wood carving expert,Venkatesh Hegde,Bangalore,venkatesh.hegde@example.com,-9245655251,"handmade pottery, cultural art pieces"
folk painting artist,Ganesh Shetty,Mysore,ganesh.shetty@example.com,-8227267039,"handmade pottery, cultural art pieces"
block printing artist,Suma Kulkarni,Tumkur,suma.kulkarni@example.com,-8369936921,"handmade pottery, cultural art pieces"
terracotta craftsman,Meena Gowda,Chikmagalur,meena.gowda@example.com,-7366798680,"clay modeling, kiln operations"
pottery expert,Venkatesh Hegde,Chikmagalur,venkatesh.hegde@example.com,-9808921470,"handmade pottery, cultural art pieces"
wood carving expert,Suma Kulkarni,Bijapur,suma.kulkarni@example.com,-7278449192,"handmade pottery, cultural art pieces"
terracotta craftsman,Suma Kulkarni,Hubli,suma.kulkarni@example.com,-9614740868,"natural dye usage, intricate patterns"
wood carving expert,Ganesh Shetty,Mysore,ganesh.shetty@example.com,-9213223277,"traditional carving techniques, craftsmanship"
pottery expert,Lalitha Rao,Hubli,lalitha.rao@example.com,-8400699197,"clay modeling, kiln operations"
pottery expert,Shobha Patil,Belgaum,shobha.patil@example.com,-8092183441,"madhubani painting, storytelling art"
wood carving expert,Harish Naik,Dharwad,harish.naik@example.com,-7143801721,"handmade pottery, cultural art pieces"
folk painting artist,Shobha Patil,Tumkur,shobha.patil@example.com,-8780122256,"traditional carving techniques, craftsmanship"
block printing artist,Suma Kulkarni,Hassan,suma.kulkarni@example.com,-9259154749,"traditional carving techniques, craftsmanship"
block printing artist,Lalitha Rao,Hassan,lalitha.rao@example.com,-9889983780,"madhubani painting, storytelling art"
wood carving expert,Rajesh Bhat,Mangalore,rajesh.bhat@example.com,-7824341630,"handmade pottery, cultural art pieces"
folk painting artist,Rajesh Bhat,Hubli,rajesh.bhat@example.com,-9360405568,"clay modeling, kiln operations"
pottery expert,Venkatesh Hegde,Belgaum,venkatesh.hegde@example.com,-8387423455,"madhubani painting, storytelling art"
pottery expert,Venkatesh Hegde,Belgaum,venkatesh.hegde@example.com,-8653687908,"clay modeling, kiln operations"
folk painting artist,Shobha Patil,Belgaum,shobha.patil@example.com,-7241143260,"handmade pottery, cultural art pieces"
block printing artist,Venkatesh Hegde,Mangalore,venkatesh.hegde@example.com,-8975550182,"clay modeling, kiln operations"
terracotta craftsman,Ganesh Shetty,Hassan,ganesh.shetty@example.com,-7437473579,"clay modeling, kiln operations"
terracotta craftsman,Anusha Desai,Chikmagalur,anusha.desai@example.com,-7443512648,"handmade pottery, cultural art pieces"
pottery expert,Rajesh Bhat,Belgaum,rajesh.bhat@example.com,-9219865314,"madhubani painting, storytelling art"
terracotta craftsman,Venkatesh Hegde,Belgaum,venkatesh.hegde@example.com,-8050043499,"clay modeling, kiln operations"
terracotta craftsman,Ravi Kumar,Bijapur,ravi.kumar@example.com,-8731444813,"clay modeling, kiln operations"
terracotta craftsman,Shobha Patil,Bijapur,shobha.patil@example.com,-7625468466,"clay modeling, kiln operations"
block printing artist,Ganesh Shetty,Dharwad,ganesh.shetty@example.com,-9869080082,"handmade pottery, cultural art pieces"
terracotta craftsman,Lalitha Rao,Belgaum,lalitha.rao@example.com,-7007961438,"madhubani painting, storytelling art"
pottery expert,Meena Gowda,Mysore,meena.gowda@example.com,-8996424525,"madhubani painting, storytelling art"
pottery expert,Shobha Patil,Chikmagalur,shobha.patil@example.com,-9325998660,"handmade pottery, cultural art pieces"
wood carving expert,Lalitha Rao,Bangalore,lalitha.rao@example.com,-7657093114,"traditional carving techniques, craftsmanship"
wood carving expert,Harish Naik,Hubli,harish.naik@example.com,-7959384422,"natural dye usage, intricate patterns"
pottery expert,Lalitha Rao,Dharwad,lalitha.rao@example.com,-8599068890,"clay modeling, kiln operations"
block printing artist,Ganesh Shetty,Hubli,ganesh.shetty@example.com,-8219210429,"traditional carving techniques, craftsmanship"
pottery expert,Anusha Desai,Dharwad,anusha.desai@example.com,-7441448119,"handmade pottery, cultural art pieces"
wood carving expert,Rajesh Bhat,Mangalore,rajesh.bhat@example.com,-8669418277,"handmade pottery, cultural art pieces"
folk painting artist,Anusha Desai,Mangalore,anusha.desai@example.com,-7868228627,"madhubani painting, storytelling art"
folk painting artist,Suma Kulkarni,Tumkur,suma.kulkarni@example.com,-9306949342,"madhubani painting, storytelling art"
wood carving expert,Rajesh Bhat,Bangalore,rajesh.bhat@example.com,-9590618828,"clay modeling, kiln operations"
block printing artist,Rajesh Bhat,Dharwad,rajesh.bhat@example.com,-9108585902,"traditional carving techniques, craftsmanship"
block printing artist,Harish Naik,Chikmagalur,harish.naik@example.com,-8612257151,"clay modeling, kiln operations"
pottery expert,Suma Kulkarni,Mangalore,suma.kulkarni@example.com,-8455939641,"madhubani painting, storytelling art"
folk painting artist,Suma Kulkarni,Chikmagalur,suma.kulkarni@example.com,-7144336329,"traditional carving techniques, craftsmanship"
folk painting artist,Ganesh Shetty,Hubli,ganesh.shetty@example.com,-9425214672,"clay modeling, kiln operations"
terracotta craftsman,Ganesh Shetty,Bijapur,ganesh.shetty@example.com,-7670361937,"handmade pottery, cultural art pieces"
terracotta craftsman,Anusha Desai,Hubli,anusha.desai@example.com,-8586355995,"handmade pottery, cultural art pieces"
block printing artist,Shobha Patil,Bangalore,shobha.patil@example.com,-9407502135,"madhubani painting, storytelling art"
block printing artist,Suma Kulkarni,Tumkur,suma.kulkarni@example.com,-9698049126,"handmade pottery, cultural art pieces"
block printing artist,Ravi Kumar,Hassan,ravi.kumar@example.com,-8585755515,"handmade pottery, cultural art pieces"
block printing artist,Anusha Desai,Tumkur,anusha.desai@example.com,-7947787840,"madhubani painting, storytelling art"
pottery expert,Suma Kulkarni,Dharwad,suma.kulkarni@example.com,-9864186821,"traditional carving techniques, craftsmanship"
terracotta craftsman,Lalitha Rao,Mysore,lalitha.rao@example.com,-9375279452,"traditional carving techniques, craftsmanship"
folk painting artist,Lalitha Rao,Dharwad,lalitha.rao@example.com,-9641121271,"natural dye usage, intricate patterns"
folk painting artist,Suma Kulkarni,Tumkur,suma.kulkarni@example.com,-9392979953,"natural dye usage, intricate patterns"
terracotta craftsman,Ravi Kumar,Hassan,ravi.kumar@example.com,-7907174416,"clay modeling, kiln operations"
block printing artist,Suma Kulkarni,Belgaum,suma.kulkarni@example.com,-8636573676,"handmade pottery, cultural art pieces"
wood carving expert,Ravi Kumar,Hubli,ravi.kumar@example.com,-7391414285,"traditional carving techniques, craftsmanship"
block printing artist,Rajesh Bhat,Hassan,rajesh.bhat@example.com,-7961906412,"madhubani painting, storytelling art"
block printing artist,Harish Naik,Tumkur,harish.naik@example.com,-8957408126,"traditional carving techniques, craftsmanship"
pottery expert,Rajesh Bhat,Dharwad,rajesh.bhat@example.com,-7780539780,"handmade pottery, cultural art pieces"
terracotta craftsman,Suma Kulkarni,Bangalore,suma.kulkarni@example.com,-7862350178,"handmade pottery, cultural art pieces"
wood carving expert,Shobha Patil,Bangalore,shobha.patil@example.com,-7116130586,"traditional carving techniques, craftsmanship"
folk painting artist,Lalitha Rao,Belgaum,lalitha.rao@example.com,-7831586736,"natural dye usage, intricate patterns"
block printing artist,Rajesh Bhat,Tumkur,rajesh.bhat@example.com,-9259546068,"handmade pottery, cultural art pieces"
pottery expert,Harish Naik,Belgaum,harish.naik@example.com,-9408771072,"handmade pottery, cultural art pieces"
wood carving expert,Suma Kulkarni,Bangalore,suma.kulkarni@example.com,-9771004521,"natural dye usage, intricate patterns"
block printing artist,Ravi Kumar,Tumkur,ravi.kumar@example.com,-8772625001,"natural dye usage, intricate patterns"
terracotta craftsman,Shobha Patil,Hassan,shobha.patil@example.com,-8232385780,"handmade pottery, cultural art pieces"
folk painting artist,Lalitha Rao,Hubli,lalitha.rao@example.com,-7655609740,"natural dye usage, intricate patterns"
block printing artist,Ganesh Shetty,Mysore,ganesh.shetty@example.com,-9123160853,"natural dye usage, intricate patterns"
wood carving expert,Harish Naik,Bijapur,harish.naik@example.com,-9171217292,"traditional carving techniques, craftsmanship"
block printing artist,Shobha Patil,Belgaum,shobha.patil@example.com,-8037742404,"natural dye usage, intricate patterns"
terracotta craftsman,Meena Gowda,Belgaum,meena.gowda@example.com,-9984438515,"madhubani painting, storytelling art"
wood carving expert,Ravi Kumar,Mangalore,ravi.kumar@example.com,-7257880348,"traditional carving techniques, craftsmanship"
wood carving expert,Venkatesh Hegde,Bijapur,venkatesh.hegde@example.com,-8870928724,"clay modeling, kiln operations"
block printing artist,Suma Kulkarni,Hubli,suma.kulkarni@example.com,-7530985301,"traditional carving techniques, craftsmanship"
pottery expert,Lalitha Rao,Hassan,lalitha.rao@example.com,-8920110134,"madhubani painting, storytelling art"
wood carving expert,Anusha Desai,Mysore,anusha.desai@example.com,-7203655425,"clay modeling, kiln operations"
wood carving expert,Shobha Patil,Dharwad,shobha.patil@example.com,-9306434710,"handmade pottery, cultural art pieces"
wood carving expert,Venkatesh Hegde,Mysore,venkatesh.hegde@example.com,-7989757024,"madhubani painting, storytelling art"
wood carving expert,Ganesh Shetty,Bijapur,ganesh.shetty@example.com,-9664547325,"clay modeling, kiln operations"
wood carving expert,Lalitha Rao,Dharwad,lalitha.rao@example.com,-8246620148,"natural dye usage, intricate patterns"
wood carving expert,Ganesh Shetty,Belgaum,ganesh.shetty@example.com,-8705510769,"traditional carving techniques, craftsmanship"
folk painting artist,Harish Naik,Bijapur,harish.naik@example.com,-7655487209,"traditional carving techniques, craftsmanship"
wood carving expert,Harish Naik,Tumkur,harish.naik@example.com,-7417838037,"clay modeling, kiln operations"
block printing artist,Ravi Kumar,Dharwad,ravi.kumar@example.com,-9118700134,"handmade pottery, cultural art pieces"
wood carving expert,Ganesh Shetty,Mysore,ganesh.shetty@example.com,-8952118842,"clay modeling, kiln operations"
pottery expert,Ganesh Shetty,Hubli,ganesh.shetty@example.com,-9926730520,"handmade pottery, cultural art pieces"
block printing artist,Anusha Desai,Dharwad,anusha.desai@example.com,-8379564917,"madhubani painting, storytelling art"
pottery expert,Shobha Patil,Bijapur,shobha.patil@example.com,-7342014544,"natural dye usage, intricate patterns"
block printing artist,Rajesh Bhat,Hubli,rajesh.bhat@example.com,-8172480654,"traditional carving techniques, craftsmanship"
folk painting artist,Ganesh Shetty,Chikmagalur,ganesh.shetty@example.com,-9450010961,"handmade pottery, cultural art pieces"
folk painting artist,Ganesh Shetty,Tumkur,ganesh.shetty@example.com,-8248797827,"madhubani painting, storytelling art"
folk painting artist,Ganesh Shetty,Belgaum,ganesh.shetty@example.com,-7107566143,"madhubani painting, storytelling art"
wood carving expert,Anusha Desai,Dharwad,anusha.desai@example.com,-7163671612,"madhubani painting, storytelling art"
wood carving expert,Shobha Patil,Bijapur,shobha.patil@example.com,-7671614938,"natural dye usage, intricate patterns"
pottery expert,Lalitha Rao,Dharwad,lalitha.rao@example.com,-9743208549,"madhubani painting, storytelling art"
block printing artist,Suma Kulkarni,Mangalore,suma.kulkarni@example.com,-7126603129,"traditional carving techniques, craftsmanship"
folk painting artist,Shobha Patil,Hubli,shobha.patil@example.com,-9912018066,"clay modeling, kiln operations"
terracotta craftsman,Anusha Desai,Bijapur,anusha.desai@example.com,-7470490800,"handmade pottery, cultural art pieces"
wood carving expert,Shobha Patil,Mangalore,shobha.patil@example.com,-7412082262,"traditional carving techniques, craftsmanship"
wood carving expert,Anusha Desai,Belgaum,anusha.desai@example.com,-9739398372,"handmade pottery, cultural art pieces"
block printing artist,Meena Gowda,Hubli,meena.gowda@example.com,-8072282077,"traditional carving techniques, craftsmanship"
pottery expert,Venkatesh Hegde,Mysore,venkatesh.hegde@example.com,-9245076943,"madhubani painting, storytelling art"
pottery expert,Lalitha Rao,Hassan,lalitha.rao@example.com,-7298519025,"traditional carving techniques, craftsmanship"
block printing artist,Lalitha Rao,Bangalore,lalitha.rao@example.com,-8648006659,"natural dye usage, intricate patterns"
block printing artist,Suma Kulkarni,Bijapur,suma.kulkarni@example.com,-8423818136,"clay modeling, kiln operations"
block printing artist,Lalitha Rao,Belgaum,lalitha.rao@example.com,-8705774375,"handmade pottery, cultural art pieces"
pottery expert,Lalitha Rao,Dharwad,lalitha.rao@example.com,-8165687639,"clay modeling, kiln operations"
block printing artist,Ganesh Shetty,Belgaum,ganesh.shetty@example.com,-9572709886,"handmade pottery, cultural art pieces"
block printing artist,Rajesh Bhat,Bangalore,rajesh.bhat@example.com,-9883882759,"madhubani painting, storytelling art"
pottery expert,Meena Gowda,Bijapur,meena.gowda@example.com,-9699289606,"clay modeling, kiln operations"
folk painting artist,Suma Kulkarni,Tumkur,suma.kulkarni@example.com,-8448849480,"traditional carving techniques, craftsmanship"
block printing artist,Rajesh Bhat,Bangalore,rajesh.bhat@example.com,-7263261223,"madhubani painting, storytelling art"
wood carving expert,Lalitha Rao,Hubli,lalitha.rao@example.com,-9320990152,"natural dye usage, intricate patterns"
pottery expert,Lalitha Rao,Mangalore,lalitha.rao@example.com,-9741442678,"natural dye usage, intricate patterns"
wood carving expert,Ravi Kumar,Belgaum,ravi.kumar@example.com,-9561150852,"madhubani painting, storytelling art"
terracotta craftsman,Rajesh Bhat,Bangalore,rajesh.bhat@example.com,-7169470600,"traditional carving techniques, craftsmanship"
terracotta craftsman,Shobha Patil,Belgaum,shobha.patil@example.com,-7604531256,"natural dye usage, intricate patterns"
block printing artist,Anusha Desai,Dharwad,anusha.desai@example.com,-9425976406,"clay modeling, kiln operations"
pottery expert,Meena Gowda,Hubli,meena.gowda@example.com,-9170352549,"traditional carving techniques, craftsmanship"
folk painting artist,Rajesh Bhat,Chikmagalur,rajesh.bhat@example.com,-7311203893,"handmade pottery, cultural art pieces"
pottery expert,Meena Gowda,Tumkur,meena.gowda@example.com,-7738401786,"clay modeling, kiln operations"
folk painting artist,Rajesh Bhat,Hassan,rajesh.bhat@example.com,-7495189525,"clay modeling, kiln operations"
terracotta craftsman,Rajesh Bhat,Hassan,rajesh.bhat@example.com,-8730905695,"traditional carving techniques, craftsmanship"
pottery expert,Anusha Desai,Bangalore,anusha.desai@example.com,-8094375096,"madhubani painting, storytelling art"
folk painting artist,Rajesh Bhat,Tumkur,rajesh.bhat@example.com,-7450088589,"natural dye usage, intricate patterns"
block printing artist,Meena Gowda,Chikmagalur,meena.gowda@example.com,-7280542824,"traditional carving techniques, craftsmanship"
block printing artist,Suma Kulkarni,Dharwad,suma.kulkarni@example.com,-8913217831,"madhubani painting, storytelling art"
wood carving expert,Venkatesh Hegde,Mangalore,venkatesh.hegde@example.com,-7228565676,"madhubani painting, storytelling art"
block printing artist,Venkatesh Hegde,Tumkur,venkatesh.hegde@example.com,-9252650811,"traditional carving techniques, craftsmanship"
terracotta craftsman,Harish Naik,Hassan,harish.naik@example.com,-9800500367,"madhubani painting, storytelling art"
block printing artist,Rajesh Bhat,Mangalore,rajesh.bhat@example.com,-8069607456,"traditional carving techniques, craftsmanship"
pottery expert,Harish Naik,Bijapur,harish.naik@example.com,-8559795764,"clay modeling, kiln operations"
folk painting artist,Venkatesh Hegde,Mangalore,venkatesh.hegde@example.com,-9242438676,"handmade pottery, cultural art pieces"
wood carving expert,Ganesh Shetty,Tumkur,ganesh.shetty@example.com,-7865844270,"handmade pottery, cultural art pieces"
wood carving expert,Suma Kulkarni,Bijapur,suma.kulkarni@example.com,-7433193656,"handmade pottery, cultural art pieces"
